INSTANCE,MARKING_ITER0,TABLE_ITER0,MARKING_ITER1,TABLE_ITER1,MARKING_ITER2,TABLE_ITER2,MARKING_ITER3,TABLE_ITER3,MARKING_ITER4,TABLE_ITER4,MARKING_ITER5,TABLE_ITER5,MARKING_ITER6,TABLE_ITER6,MARKING_ITER7,TABLE_ITER7,MARKING_ITER8,TABLE_ITER8,MARKING_ITER9,TABLE_ITER9,MARKING_ITER10,TABLE_ITER10,MARKING_ITER11,TABLE_ITER11,MARKING_ITER12,TABLE_ITER12,MARKING_ITER13,TABLE_ITER13,MARKING_ITER14,TABLE_ITER14,MARKING_ITER15,TABLE_ITER15,MARKING_ITER16,TABLE_ITER16,MARKING_ITER17,TABLE_ITER17,MARKING_ITER18,TABLE_ITER18,MARKING_ITER19,TABLE_ITER19,MARKING_ITER20,TABLE_ITER20,MARKING_ITER21,TABLE_ITER21,MARKING_ITER22,TABLE_ITER22,MARKING_ITER23,TABLE_ITER23,MARKING_ITER24,TABLE_ITER24,MARKING_ITER25,TABLE_ITER25,MARKING_ITER26,TABLE_ITER26,MARKING_ITER27,TABLE_ITER27,MARKING_ITER28,TABLE_ITER28,MARKING_ITER29,TABLE_ITER29,MARKING_ITER30,TABLE_ITER30,MARKING_ITER31,TABLE_ITER31,MARKING_ITER32,TABLE_ITER32,MARKING_ITER33,TABLE_ITER33,MARKING_ITER34,TABLE_ITER34,MARKING_ITER35,TABLE_ITER35,MARKING_ITER36,TABLE_ITER36,MARKING_ITER37,TABLE_ITER37,MARKING_ITER38,TABLE_ITER38,MARKING_ITER39,TABLE_ITER39,MARKING_ITER40,TABLE_ITER40,MARKING_ITER41,TABLE_ITER41,MARKING_ITER42,TABLE_ITER42,MARKING_ITER43,TABLE_ITER43,MARKING_ITER44,TABLE_ITER44,MARKING_ITER45,TABLE_ITER45,MARKING_ITER46,TABLE_ITER46,MARKING_ITER47,TABLE_ITER47,MARKING_ITER48,TABLE_ITER48,MARKING_ITER49,TABLE_ITER49,MARKING_ITER50,TABLE_ITER50,MARKING_ITER51,TABLE_ITER51,
extendedread-write-smallconsts,28,76,327,9960,1286,52174,1911,106511,2334,156079,2404,193833,2482,222281,2472,244413,2507,260960,2613,274636,2701,285761,2731,294297,2738,299981,2644,303987,2439,307371,2239,310423,2066,312915,1907,315115,1759,317057,1622,318799,1498,320295,1392,321595,1303,322571,1245,322682,
pingpong,10,18,24,171,28,346,28,424,
leabasicapproach,20,41,102,1308,
bingham_h150,157,313,158,70254,160,140331,162,210439,164,280534,166,350610,168,420661,170,490681,172,560664,174,630604,176,700495,178,770331,180,840106,182,909814,184,979449,186,1049005,188,1118476,190,1187856,192,1257139,194,1326319,196,1395390,198,1464346,200,1533181,202,1601889,204,1670464,206,1738900,208,1807191,210,1875331,212,1943314,214,2011134,216,2078785,218,2146261,220,2213556,222,2280664,224,2347579,226,2414295,228,2480806,230,2547106,232,2613189,234,2679049,236,2744680,238,2810076,240,2875231,242,2940139,244,3004794,246,3069190,248,3133321,250,3197181,252,3260764,254,3324064,256,3387075,258,3449791,
fms_attic,32,87,54,1740,207,4618,331,12195,565,24443,821,39953,1639,73583,2687,115250,2735,139504,2664,164083,2684,179897,2617,189977,2592,199062,2677,204911,2486,208224,2440,213365,2461,215983,2458,217916,2461,220183,2498,221922,2440,223182,2433,224892,2437,225793,2436,226485,2438,227259,2450,227838,2431,228259,
mesh2x2,36,77,97,4788,151,11442,244,19168,271,25959,
pncsasemiliv,35,69,49,1981,139,5159,401,13680,1720,46876,3518,152259,2690,275070,
manufacturing,28,42,358,1593,2681,14745,2849,38437,2530,57010,2253,71686,1746,80339,1649,84417,1627,86574,1576,87632,1533,88394,1509,88878,1515,89270,1489,89458,
csm,18,37,41,744,91,2348,107,3968,93,4943,
bingham_h25,32,63,33,2379,35,4706,37,7064,39,9409,41,11735,43,14036,45,16306,47,18539,49,20729,51,22870,53,24956,55,26981,57,28939,59,30824,61,32630,63,34351,65,35981,67,37514,69,38944,71,40265,73,41471,75,42556,77,43514,79,44339,133,47114,161,48964,
bingham_h250_attic,738,465822,2454,1595829,3316,2458304,2914,2868880,
kanban,38,59,111,2023,413,9372,1174,35632,2422,93522,3403,177348,4881,300818,4090,407417,3105,490501,1836,531698,1477,558592,
basicME,11,38,25,198,31,303,
pncsacover,38,72,684,17559,10289,220731,23010,726201,43750,1620475,55207,3462559,46177,4861885,30881,5813855,18696,6354385,10041,6633498,5815,6793974,3689,6892127,2775,6952194,1963,6992190,1211,7010757,
bingham_h50,57,113,58,8454,60,16831,62,25239,64,33634,66,42010,68,50361,70,58681,72,66964,74,75204,76,83395,78,91531,80,99606,82,107614,84,115549,86,123405,88,131176,90,138856,92,146439,94,153919,96,161290,98,168546,100,175681,102,182689,104,189564,106,196300,108,202891,110,209331,112,215614,114,221734,116,227685,118,233461,120,239056,122,244464,124,249679,126,254695,128,259506,130,264106,132,268489,134,272649,136,276580,138,280276,140,283731,142,286939,144,289894,146,292590,148,295021,150,297181,152,299064,154,300664,258,309914,311,316039,
mesh3x2,56,121,126,11224,214,24087,399,49798,702,90257,662,136833,802,177794,796,202112,
multipool,24,49,89,2037,130,5112,104,7552,115,10006,116,11541,
fms,26,58,35,1069,65,2004,75,3440,93,4937,112,6355,168,8833,205,10854,283,12088,285,14063,285,14558,278,14761,269,15159,269,15342,247,15470,
MultiME,18,54,59,1033,68,1964,67,2546,66,3006,
